,1,2,3.0,Page Level 4,Page Layout,Existing / Additional Page ?,Inspiration / Current URL (if existing page),Who should write the content?,Notes,Target Keyword,SV,KWD,Additional KWs,Old H1,New Header,Old Title,New Title,Chars (50-65),URL,Old Metas,New Meta Description,Chars (130-160),Type of Content ,Notes,"Original URL 
(if rewritten) ",Document Link,Notes,PSD,Des. URL,Notes,Dev. URL,Date Published ,Live URL ,map_id,map_data,meta_tag,H1_tag,New Header ,Extracted Text,Meta_Link,H1_Link,Article_Link,Title_Link,Page_type,H1_id,H1_com,Meta_id,Meta_com,Article_link,Article_id,Title_id,Title_com,H1_Updated_DB,Meta_Updated_DB,Title_Updated_DB,Fields_Tables_D
0,,,,,,,,,,,,,,,,,,,,,,,,,,,,,,,,,,0,,False,False,,,,,,,,,,,,,,,,False,False,False,False
1,,,,,,,,,,,,,,,,,,,,,,,,,,,,,,,,,,1,,False,False,,,,,,,,,,,,,,,,False,False,False,False
2,,,,,,,,,,,,,,,,,,,,,,,,,,,,,,,,,,2,,False,False,,,,,,,,,,,,,,,,False,False,False,False
3,Home,,,,,Existing Page,https://linuxsecurity.com/,,,"Top Linux News, Advisories, HowTo's and Feature Release.",,,,"Linux Security - Your source for Top Linux News, Advisories, HowTo's and Feature Release.",,Linux Security - Top News | Advisories | HowTo's | Feature Releases,"Top Linux News, Advisories, How-tos, and Feature Releases",57,https://linuxsecurity.com/,"Linux Security is dedicated to producing the latest security news, best guides, how-tos, feature releases & forums for the Linux community.","Stay ahead with top Linux news, security advisories, expert how-to guides, and cutting-edge feature releases. Your go-to hub for all things Linux.",146,Website Page,,,,,,,,,,,3,"['SP Page Builder', 'No H1 update - Skip?', 'xu5gc_menu - `params`']",False,False,,home,,,,,,,,,,,,,,False,False,False,False
4,News,,,,,Existing Page,https://linuxsecurity.com/news,,,Latest Linux Security News & Information,,,,LinuxSecurity News,Latest Linux Security News & Information,The Latest LinuxSecurity News & Information,Latest Linux Security News & Information - Linux Security,57,https://linuxsecurity.com/news,The Latest LinuxSecurity News & Information LinuxSecurity.com is the community's central source for information on Linux and open source security. We follow the,Stay informed with the latest in Linux security news & updates. Your trusted resource for staying ahead in the world of Linux security.,135,Website Page,,,,,,,,,,,4,"['SP Page Builder Module', 'xu5gc_sppagebuilder - `text`', 'xu5gc_menu - `params`']",True,False,Latest Linux Security News & Information,news,index.php?option=com_menu&view=metadescription&id=107,index.php?option=com_sppagebuilder&view=page&id=11,,index.php?option=com_menu&view=item&client_id=0&layout=edit&id=107,SP Page Builder Module,11,xu5gc_sppagebuilder,107,xu5gc_menu,,,107,xu5gc_menu,False,True,True,False
5,,Cloud Security,,,,Existing Page,https://linuxsecurity.com/news/cloud-security,,,Cloud Security,,,,Cloud Security,Cloud Security,Cloud Security | LinuxSecurity.com,Elevate Your Linux Cloud Security with Linux Security,53,https://linuxsecurity.com/news/cloud-security,Cloud Security Linux Cloud security news,Empowering your cloud security journey with expert insights and strategies. Elevate your Linux cloud security game with our trusted resources.,142,Website Page,,,,,,,,,,,5,"['SP Page Builder Module', 'xu5gc_sppagebuilder - `text`', 'xu5gc_menu - `params`']",True,False,Cloud Security,cloud-security,index.php?option=com_menu&view=metadescription&id=581,index.php?option=com_sppagebuilder&view=page&id=15,,index.php?option=com_menu&view=item&client_id=0&layout=edit&id=581,SP Page Builder Module,15,xu5gc_sppagebuilder,581,xu5gc_menu,,,581,xu5gc_menu,False,True,True,False
6,,Cryptography,,,,Existing Page,https://linuxsecurity.com/news/cryptography,,,Linux Cryptography,,,,Cryptography,Linux Cryptography,Cryptography | LinuxSecurity.com,Master Linux Cryptography with Linux Security's Guides,,https://linuxsecurity.com/news/cryptography,"Cryptography We have thousands of Cryptography posts on a wide variety of open source and security topics, conveniently organized for searching or just browsing",Unlock the power of Linux cryptography. Dive into cutting-edge techniques and insights for robust security. Your guide to mastering Linux cryptography.,151,Website Page,,,,,,,,,,,6,"['SP Page Builder Module', 'xu5gc_sppagebuilder - `text`', 'xu5gc_menu - `params`']",True,False,Linux Cryptography,cryptography,index.php?option=com_menu&view=metadescription&id=596,index.php?option=com_sppagebuilder&view=page&id=29,,index.php?option=com_menu&view=item&client_id=0&layout=edit&id=596,SP Page Builder Module,29,xu5gc_sppagebuilder,596,xu5gc_menu,,,596,xu5gc_menu,False,True,True,False
7,,Desktop Security,,,,Existing Page,https://linuxsecurity.com/news/desktop-security,,,Desktop Security,,,,Desktop Security,Desktop Security,Desktop Security | LinuxSecurity.com,Upgrade Your Desktop Security with Linux Security Tips,54,https://linuxsecurity.com/news/desktop-security,Desktop Security LinuxSecurity.com is the community's central source for information on Linux and open source security. We follow the open source trends as they,"Fortify your Linux desktop security. Stay ahead with tips, tools, and strategies for a protected desktop environment. Your gateway to robust defenses.",150,Website Page,,,,,,,,,,,7,"['SP Page Builder Module', 'xu5gc_sppagebuilder - `text`', 'xu5gc_menu - `params`']",True,False,Desktop Security,desktop-security,index.php?option=com_menu&view=metadescription&id=679,index.php?option=com_sppagebuilder&view=page&id=248,,index.php?option=com_menu&view=item&client_id=0&layout=edit&id=679,SP Page Builder Module,248,xu5gc_sppagebuilder,679,xu5gc_menu,,,679,xu5gc_menu,False,True,True,False
8,,Firewall,,,,Existing Page,https://linuxsecurity.com/news/firewall,,,Linux Firewall,,,,Firewall,Linux Firewall,Firewall | LinuxSecurity.com,Master Linux Firewall Protection with Linux Secutiy,51,https://linuxsecurity.com/news/firewall,Firewall LinuxSecurity.com is the community's central source for information on Linux and open source security. We follow the open source trends as they affect,"Mastering Linux firewall protection. Empowering you with insights, tools, and tactics for fortified security. Your go-to for Linux firewall expertise.",150,Website Page,,,,,,,,,,,8,"['SP Page Builder Module', 'xu5gc_sppagebuilder - `text`', 'xu5gc_menu - `params`']",True,False,Linux Firewall,firewall,index.php?option=com_menu&view=metadescription&id=595,index.php?option=com_sppagebuilder&view=page&id=28,,index.php?option=com_menu&view=item&client_id=0&layout=edit&id=595,SP Page Builder Module,28,xu5gc_sppagebuilder,595,xu5gc_menu,,,595,xu5gc_menu,False,True,True,False
9,,Government,,,,Existing Page,https://linuxsecurity.com/news/government,,,Government,,,,Government,Government,Government | LinuxSecurity.com,Securing a Government System with Linux Security's Experts,58,https://linuxsecurity.com/news/government,"Government We have thousands of Government posts on a wide variety of open source and security topics, conveniently organized for searching or just browsing.","Securing government systems with Linux expertise. Stay updated on strategies, compliance, and insights for robust government security",133,Website Page,,,,,,,,,,,9,"['SP Page Builder Module', 'xu5gc_sppagebuilder - `text`', 'xu5gc_menu - `params`']",True,False,Government,government,index.php?option=com_menu&view=metadescription&id=591,index.php?option=com_sppagebuilder&view=page&id=24,,index.php?option=com_menu&view=item&client_id=0&layout=edit&id=591,SP Page Builder Module,24,xu5gc_sppagebuilder,591,xu5gc_menu,,,591,xu5gc_menu,False,True,True,False
10,,Hacks/Cracks,,,,Existing Page,https://linuxsecurity.com/news/hackscracks,,,Linux Hacks & Cracks,,,,Hacks/Cracks,Linux Hacks & Cracks,Hacks/Cracks | LinuxSecurity.com,"Stay Informed about Linux Hacks, Cracks, & Vulnerabilities",58,https://linuxsecurity.com/news/hackscracks,"Hacks/Cracks We have thousands of Hacks/Cracks posts on a wide variety of open source and security topics, conveniently organized for searching or just browsing","Exploring the realm of Linux hacks & cracks. Stay informed, secure, and ahead with insights and strategies against vulnerabilities.",131,Website Page,,,,,,,,,,,10,"['SP Page Builder Module', 'xu5gc_sppagebuilder - `text`', 'xu5gc_menu - `params`']",True,False,Linux Hacks & Cracks,hackscracks,index.php?option=com_menu&view=metadescription&id=589,index.php?option=com_sppagebuilder&view=page&id=17,,index.php?option=com_menu&view=item&client_id=0&layout=edit&id=589,SP Page Builder Module,17,xu5gc_sppagebuilder,589,xu5gc_menu,,,589,xu5gc_menu,False,True,True,False
11,,IoT Security,,,,Existing Page,https://linuxsecurity.com/news/iot-security,,,IoT Security,,,,IoT Security,IoT Security,IoT Security | LinuxSecurity.com,Stay Ahead in IoT security wtih Linux Security's Experts,56,https://linuxsecurity.com/news/iot-security,IoT Security LinuxSecurity.com is the community's central source for information on Linux and open source security. We follow the open source trends as they aff,"Shielding your IoT devices with Linux security prowess. Navigate the complexities, fortify defenses, and stay ahead in IoT security.",132,Website Page,,,,,,,,,,,11,"['SP Page Builder Module', 'xu5gc_sppagebuilder - `text`', 'xu5gc_menu - `params`']",True,False,IoT Security,iot-security,index.php?option=com_menu&view=metadescription&id=680,index.php?option=com_sppagebuilder&view=page&id=249,,index.php?option=com_menu&view=item&client_id=0&layout=edit&id=680,SP Page Builder Module,249,xu5gc_sppagebuilder,680,xu5gc_menu,,,680,xu5gc_menu,False,True,True,False
12,,Network Security,,,,Existing Page,https://linuxsecurity.com/news/network-security,,,Linux Network Security,,,,Network Security,Linux Network Security,Network Security | LinuxSecurity.com,Insights and Strategies in to Linux Network Security,52,https://linuxsecurity.com/news/network-security,Network Security LinuxSecurity.com is the community's central source for information on Linux and open source security. We follow the open source trends as they,Empowering your network's defense with Linux expertise. Stay fortified against threats with insights and strategies in Linux network security.,142,Website Page,,,,,,,,,,,12,"['SP Page Builder Module', 'xu5gc_sppagebuilder - `text`', 'xu5gc_menu - `params`']",True,False,Linux Network Security,network-security,index.php?option=com_menu&view=metadescription&id=681,index.php?option=com_sppagebuilder&view=page&id=251,,index.php?option=com_menu&view=item&client_id=0&layout=edit&id=681,SP Page Builder Module,251,xu5gc_sppagebuilder,681,xu5gc_menu,,,681,xu5gc_menu,False,True,True,False
13,,Organizations/Events,,,,Existing Page,https://linuxsecurity.com/news/organizations-events,,,Organizations/Events,,,,Organizations/Events,Organizations/Events,Organizations/Events | LinuxSecurity.com,Updates on Open Source Organizations and Events ,48,https://linuxsecurity.com/news/organizations-events,Organizations/Events LinuxSecurity.com is the community's central source for information on Linux and open source security. We follow the open source trends as,"Discovering the pulse of Linux security in organizations and events. Stay connected, informed, and at the forefront of industry happenings",138,Website Page,,,,,,,,,,,13,"['SP Page Builder Module', 'xu5gc_sppagebuilder - `text`', 'xu5gc_menu - `params`']",True,False,Organizations/Events,organizations-events,index.php?option=com_menu&view=metadescription&id=682,index.php?option=com_sppagebuilder&view=page&id=252,,index.php?option=com_menu&view=item&client_id=0&layout=edit&id=682,SP Page Builder Module,252,xu5gc_sppagebuilder,682,xu5gc_menu,,,682,xu5gc_menu,False,True,True,False
14,,Privacy,,,,Existing Page,https://linuxsecurity.com/news/privacy,,,Linux Privacy,,,,Privacy,Linux Privacy,Privacy | LinuxSecurity.com,Using Linux Privacy to Protect Your Digital Footprint,53,https://linuxsecurity.com/news/privacy,Privacy Posts on Privacy by Linux Security : We have thousands of posts on a wide variety of open source and security topics,"Championing privacy in the Linux realm. Unlock insights, tools, and strategies to safeguard your digital footprint with Linux privacy expertise.",144,Website Page,,,,,,,,,,,14,"['SP Page Builder Module', 'xu5gc_sppagebuilder - `text`', 'xu5gc_menu - `params`']",True,False,Linux Privacy,privacy,index.php?option=com_menu&view=metadescription&id=590,index.php?option=com_sppagebuilder&view=page&id=23,,index.php?option=com_menu&view=item&client_id=0&layout=edit&id=590,SP Page Builder Module,23,xu5gc_sppagebuilder,590,xu5gc_menu,,,590,xu5gc_menu,False,True,True,False
15,,Security Projects,,,,Existing Page,https://linuxsecurity.com/news/security-projects,,,Security Projects,,,,Security Projects,Security Projects,Security Projects | LinuxSecurity.com,Explore the Newest Security Projects Shaping Linux Security,59,https://linuxsecurity.com/news/security-projects,Security Projects LinuxSecurity.com is the community's central source for information on Linux and open source security. We follow the open source trends as the,"Exploring innovative security projects within Linux. Dive into cutting-edge initiatives, insights, and contributions shaping the future of security.",148,Website Page,,,,,,,,,,,15,"['SP Page Builder Module', 'xu5gc_sppagebuilder - `text`', 'xu5gc_menu - `params`']",True,False,Security Projects,security-projects,index.php?option=com_menu&view=metadescription&id=592,index.php?option=com_sppagebuilder&view=page&id=25,,index.php?option=com_menu&view=item&client_id=0&layout=edit&id=592,SP Page Builder Module,25,xu5gc_sppagebuilder,592,xu5gc_menu,,,592,xu5gc_menu,False,True,True,False
16,,Security Trends,,,,Existing Page,https://linuxsecurity.com/news/security-trends,,,Security Trends,,,,Security Trends,Security Trends,Security Trends | LinuxSecurity.com,Keep Up-to-Date with the Newest Evolving Security Trends,56,https://linuxsecurity.com/news/security-trends,Security Trends Linux security trends,"Unveiling the pulse of security trends within Linux. Stay ahead with insights, analysis, and foresight into evolving security landscapes.",137,Website Page,,,,,,,,,,,16,"['SP Page Builder Module', 'xu5gc_sppagebuilder - `text`', 'xu5gc_menu - `params`']",True,False,Security Trends,security-trends,index.php?option=com_menu&view=metadescription&id=683,index.php?option=com_sppagebuilder&view=page&id=253,,index.php?option=com_menu&view=item&client_id=0&layout=edit&id=683,SP Page Builder Module,253,xu5gc_sppagebuilder,683,xu5gc_menu,,,683,xu5gc_menu,False,True,True,False
17,,Security Vulnerabilities,,,,Existing Page,https://linuxsecurity.com/news/security-vulnerabilities,,,Security Vulnerabilities,,,,Security Vulnerabilities,Security Vulnerabilities,Security Vulnerabilities | LinuxSecurity.com,Stay Informed on the Newest Security Vulnerabilities,52,https://linuxsecurity.com/news/security-vulnerabilities,Security Vulnerabilities Linux security vulnerabilities in the news,"Spotlighting critical security vulnerabilities in Linux. Stay informed, proactive, and fortified against emerging risks with expert insights.",141,Website Page,,,,,,,,,,,17,"['SP Page Builder Module', 'xu5gc_sppagebuilder - `text`', 'xu5gc_menu - `params`']",True,False,Security Vulnerabilities,security-vulnerabilities,index.php?option=com_menu&view=metadescription&id=684,index.php?option=com_sppagebuilder&view=page&id=254,,index.php?option=com_menu&view=item&client_id=0&layout=edit&id=684,SP Page Builder Module,254,xu5gc_sppagebuilder,684,xu5gc_menu,,,684,xu5gc_menu,False,True,True,False
18,,Server Security,,,,Existing Page,https://linuxsecurity.com/news/server-security,,,Server Security,,,,Server Security,Server Security,Server Security | LinuxSecurity.com,Secure Your Server with Linux Security Expert Insights,54,https://linuxsecurity.com/news/server-security,Server Security Posts on Server Security by Linux Security : We have thousands of posts on a wide variety of open source and security topics,"Fortify your servers with Linux security expertise. Stay ahead, fortified, and resilient against threats with expert insights and strategies.",141,Website Page,,,,,,,,,,,18,"['SP Page Builder Module', 'xu5gc_sppagebuilder - `text`', 'xu5gc_menu - `params`']",True,False,Server Security,server-security,index.php?option=com_menu&view=metadescription&id=594,index.php?option=com_sppagebuilder&view=page&id=27,,index.php?option=com_menu&view=item&client_id=0&layout=edit&id=594,SP Page Builder Module,27,xu5gc_sppagebuilder,594,xu5gc_menu,,,594,xu5gc_menu,False,True,True,False
19,,Vendors/Products,,,,Existing Page,https://linuxsecurity.com/news/vendors-products,,,Vendors/Products,,,,Vendors/Products,Vendors/Products,Vendors/Products | LinuxSecurity.com,Updates on Open Source Vendors and Products ,44,https://linuxsecurity.com/news/vendors-products,"Vendors/Products We have thousands of Vendors/Products posts on a wide variety of open source and security topics, conveniently organized for searching or just","Exploring the landscape of Linux security vendors and products. Discover innovations, comparisons, and insights to bolster your security solutions.",147,Website Page,,,,,,,,,,,19,"['SP Page Builder Module', 'xu5gc_sppagebuilder - `text`', 'xu5gc_menu - `params`']",True,False,Vendors/Products,vendors-products,index.php?option=com_menu&view=metadescription&id=593,index.php?option=com_sppagebuilder&view=page&id=26,,index.php?option=com_menu&view=item&client_id=0&layout=edit&id=593,SP Page Builder Module,26,xu5gc_sppagebuilder,593,xu5gc_menu,,,593,xu5gc_menu,False,True,True,False
20,,Expert Analysis,,,,Rejected Suggestion ,"if applicable, inspiration from https://www.helpnetsecurity.com/view/articles/",,,Linux Expert Analysis,,,,,Linux Expert Analysis,,Linux Expert Analysis - Linux Security,38,,,"Insights from Linux security experts. Dive deep into expert analysis, strategies, and recommendations for robust security at Linux Security",139,,,,,,,,,,,,20,"['SP Page Builder Module', 'xu5gc_sppagebuilder - `text`', 'xu5gc_menu - `params`']",False,False,Linux Expert Analysis,,,,,,,,,,,,,,,False,False,False,False
21,,IT Management,,,,Rejected Suggestion ,"if applicable, inspiration from https://www.linuxtoday.com/it-management/",,,IT Management,,,,,IT Management,,IT Management - Linux Security,30,,,"Navigate IT management through a security lens. Insights, strategies, and best practices for a fortified IT landscape at Linux Security.",136,,,,,,,,,,,,21,"['SP Page Builder Module', 'xu5gc_sppagebuilder - `text`', 'xu5gc_menu - `params`']",False,False,IT Management,,,,,,,,,,,,,,,False,False,False,False
22,,Storage,,,,Rejected Suggestion ,"if applicable, inspiration from https://www.linuxtoday.com/storage/",,,Linux Storage,,,,,Linux Storage,,Linux Storage - Linux Security,30,,,"Securing storage in the Linux realm. Expert insights, strategies, and best practices for fortified and resilient storage systems at Linux Security.",147,,,,,,,,,,,,22,"['SP Page Builder Module', 'xu5gc_sppagebuilder - `text`', 'xu5gc_menu - `params`']",False,False,Linux Storage,,,,,,,,,,,,,,,False,False,False,False
23,,Mobile,,,,Rejected Suggestion ,"if applicable, inspiration from https://www.linuxinsider.com/section/mobile",,,Linux Mobile,,,,,Linux Mobile,,Linux Mobile - Linux Security,29,,,"Securing the mobile frontier in Linux. Explore insights, strategies, and innovations for robust security in the realm of Linux Mobile at Linux Security",151,,,,,,,,,,,,23,"['SP Page Builder Module', 'xu5gc_sppagebuilder - `text`', 'xu5gc_menu - `params`']",False,False,Linux Mobile,mobile,,,,,,,,,,,,,,False,False,False,False
24,Advisories,,,,,Existing Page,https://linuxsecurity.com/advisories,,,Advisories,,,,LinuxSecurity Advisories - Page 1,Linux Security Advisories,,Stay Vigilant with Timely Linux Security Advisories,51,https://linuxsecurity.com/advisories,LinuxSecurity Advisories - Page 1 LinuxSecurity.com is the community's central source for information on Linux and open source security. We follow the open sour,"Stay vigilant with comprehensive Linux security advisories. Timely alerts, insights, and actions to fortify your systems against emerging threats.",146,Website Page,,,,,,,,,,,24,"['SP Page Builder Module', 'xu5gc_sppagebuilder - `text`', 'xu5gc_menu - `params`']",True,False,Linux Security Advisories,advisories,index.php?option=com_menu&view=metadescription&id=108,index.php?option=com_sppagebuilder&view=page&id=43,,index.php?option=com_menu&view=item&client_id=0&layout=edit&id=108,SP Page Builder Module,43,xu5gc_sppagebuilder,108,xu5gc_menu,,,108,xu5gc_menu,False,True,True,False
25,,ArchLinux Linux Distribution,,,,Existing Page,https://linuxsecurity.com/advisories/archlinux,,,ArchLinux Linux Distribution,,,,ArchLinux Linux Distribution,Advisory: ArchLinux Essential and Critical Security Patch Updates,ArchLinux Linux Distribution - Security Advisories | LinuxSecurity.com,ArchLinux Essential and Critical Security Patch Updates,55,https://linuxsecurity.com/advisories/archlinux,ArchLinux Linux Distribution - Security Advisories LinuxSecurity.com is the community's central source for information on Linux and open source security. We fol,"Critical security updates for ArchLinux. Stay protected with essential patches, ensuring your Linux distribution stays secure and robust.",137,Website Page,,,,,,,,,,,25,"['SP Page Builder Module', 'xu5gc_sppagebuilder - `text`', 'xu5gc_menu - `params`']",False,False,Advisory: ArchLinux Essential and Critical Security Patch Updates,archlinux,,index.php?option=com_sppagebuilder&view=page&id=45,,,SP Page Builder Module,45,xu5gc_sppagebuilder,,,,,,,False,False,False,False
26,,CentOS Linux Distribution,,,,Existing Page,https://linuxsecurity.com/advisories/centos,,,CentOS Linux Distribution,,,,CentOS Linux Distribution,Advisory: CentOS Essential and Critical Security Patch Updates,CentOS Linux Distribution - Security Advisories | LinuxSecurity.com,CentOS Essential and Critical Security Patch Updates,52,https://linuxsecurity.com/advisories/centos,CentOS Linux Distribution - Security Advisories LinuxSecurity.com is the community's central source for information on Linux and open source security. We follow,"Critical security updates for CentOS. Strengthen your CentOS Linux distribution with essential patches, ensuring robust protection.",131,Website Page,,,,,,,,,,,26,"['SP Page Builder Module', 'xu5gc_sppagebuilder - `text`', 'xu5gc_menu - `params`']",False,False,Advisory: CentOS Essential and Critical Security Patch Updates,centos,,index.php?option=com_sppagebuilder&view=page&id=50,,,SP Page Builder Module,50,xu5gc_sppagebuilder,,,,,,,False,False,False,False
27,,Debian Linux Distribution,,,,Combine Pages,https://linuxsecurity.com/advisories/debian,,,Debian Linux Distribution,,,,Debian Linux Distribution,Advisory: Debian Essential and Critical Security Patch Updates,Debian Linux Distribution - Security Advisories - Page 1 | LinuxSec...,Debian Essential and Critical Security Patch Updates,52,https://linuxsecurity.com/advisories/debian,Debian Linux Distribution - Security Advisories - Page 1 LinuxSecurity.com is the community's central source for information on Linux and open source security.,"Vital security updates for Debian. Safeguard your Debian Linux distribution with essential patches, ensuring a fortified and secure system",138,Website Page,,,,,,,,,,,27,"['SP Page Builder Module', 'xu5gc_sppagebuilder - `text`', 'xu5gc_menu - `params`']",False,False,Advisory: Debian Essential and Critical Security Patch Updates,debian,,index.php?option=com_sppagebuilder&view=page&id=52,,,SP Page Builder Module,52,xu5gc_sppagebuilder,,,,,,,False,False,False,False
28,,Debian Linux Distribution,,,,Combine Pages,https://linuxsecurity.com/advisories/debian/,,"duplicate, consider redirect to https://linuxsecurity.com/advisories/debian",Debian Linux Distribution,,,,Debian Linux Distribution,,Debian Linux Distribution - Security Advisories - Page 1 | LinuxSec...,,0,https://linuxsecurity.com/advisories/debian/,Debian Linux Distribution - Security Advisories - Page 1 LinuxSecurity.com is the community's central source for information on Linux and open source security.,,,Website Page,,,,,,,,,,,28,"['SP Page Builder Module', 'xu5gc_sppagebuilder - `text`', 'xu5gc_menu - `params`']",False,False,,,,index.php?option=com_sppagebuilder&view=page&id=52,,,SP Page Builder Module,52,xu5gc_sppagebuilder,,,,,,,False,False,False,False
29,,Debian LTS Linux Distribution,,,,Existing Page,https://linuxsecurity.com/advisories/deblts,,,Debian LTS Linux Distribution,,,,Debian LTS Linux Distribution,Advisory: Debian LTS Essential and Critical Security Patch Updates,Debian LTS Linux Distribution - Security Advisories - Page 1 | Linu...,Debian LTS Essential and Critical Security Patch Updates,56,https://linuxsecurity.com/advisories/deblts,Debian LTS Linux Distribution - Security Advisories - Page 1 LinuxSecurity.com is the community's central source for information on Linux and open source securi,Critical security patches for Debian LTS. Fortify your Debian LTS Linux distribution against vulnerabilities with essential updates.,132,Website Page,,,,,,,,,,,29,"['SP Page Builder Module', 'xu5gc_sppagebuilder - `text`', 'xu5gc_menu - `params`']",False,False,Advisory: Debian LTS Essential and Critical Security Patch Updates,deblts,,index.php?option=com_sppagebuilder&view=page&id=51,,,SP Page Builder Module,51,xu5gc_sppagebuilder,,,,,,,False,False,False,False
30,,Fedora Linux Distribution,,,,Existing Page,https://linuxsecurity.com/advisories/fedora,,,Fedora Linux Distribution,,,,Fedora Linux Distribution,Advisory: Fedora Essential and Critical Security Patch Updates,Fedora Linux Distribution - Security Advisories - Page 1 | LinuxSec...,Fedora Essential and Critical Security Patch Updates,52,https://linuxsecurity.com/advisories/fedora,Fedora Linux Distribution - Security Advisories - Page 1 LinuxSecurity.com is the community's central source for information on Linux and open source security.,"Stay secure with Fedora updates. Essential patches fortify your Fedora Linux distribution, ensuring robust protection against vulnerabilities.",142,Website Page,,,,,,,,,,,30,"['SP Page Builder Module', 'xu5gc_sppagebuilder - `text`', 'xu5gc_menu - `params`']",False,False,Advisory: Fedora Essential and Critical Security Patch Updates,fedora,,index.php?option=com_sppagebuilder&view=page&id=53,,,SP Page Builder Module,53,xu5gc_sppagebuilder,,,,,,,False,False,False,False
31,,Gentoo Linux Distribution,,,,Existing Page,https://linuxsecurity.com/advisories/gentoo,,,Gentoo Linux Distribution,,,,Gentoo Linux Distribution,Advisory: Gentoo Essential and Critical Security Patch Updates,Gentoo Linux Distribution - Security Advisories | LinuxSecurity.com,Gentoo Essential and Critical Security Patch Updates,52,https://linuxsecurity.com/advisories/gentoo,Gentoo Linux Distribution - Security Advisories LinuxSecurity.com is the community's central source for information on Linux and open source security. We follow,"Critical security updates for Gentoo. Safeguard your Gentoo Linux distribution with essential patches, ensuring resilient protection.",133,Website Page,,,,,,,,,,,31,"['SP Page Builder Module', 'xu5gc_sppagebuilder - `text`', 'xu5gc_menu - `params`']",False,False,Advisory: Gentoo Essential and Critical Security Patch Updates,gentoo,,index.php?option=com_sppagebuilder&view=page&id=54,,,SP Page Builder Module,54,xu5gc_sppagebuilder,,,,,,,False,False,False,False
32,,Mageia Linux Distribution,,,,Existing Page,https://linuxsecurity.com/advisories/mageia,,,Mageia Linux Distribution,,,,Mageia Linux Distribution,Advisory: Mageia Essential and Critical Security Patch Updates,Mageia Linux Distribution - Security Advisories - Page 1 | LinuxSec...,Mageia Essential and Critical Security Patch Updates,52,https://linuxsecurity.com/advisories/mageia,Mageia Linux Distribution - Security Advisories - Page 1 Mageia Linux Distribution - Security Advisories by Linux Security,"Critical security updates for Mageia. Strengthen your Mageia Linux distribution with essential patches, ensuring a fortified and secure system.",143,Website Page,,,,,,,,,,,32,"['SP Page Builder Module', 'xu5gc_sppagebuilder - `text`', 'xu5gc_menu - `params`']",False,False,Advisory: Mageia Essential and Critical Security Patch Updates,mageia,,index.php?option=com_sppagebuilder&view=page&id=55,,,SP Page Builder Module,55,xu5gc_sppagebuilder,,,,,,,False,False,False,False
33,,Oracle Linux Distribution,,,,Existing Page,https://linuxsecurity.com/advisories/oracle,,,Oracle Linux Distribution,,,,Oracle Linux Distribution,Advisory: Oracle Essential and Critical Security Patch Updates,Oracle Linux Distribution - Security Advisories | LinuxSecurity.com,Oracle Essential and Critical Security Patch Updates,52,https://linuxsecurity.com/advisories/oracle,Oracle Linux Distribution - Security Advisories LinuxSecurity.com is the community's central source for information on Linux and open source security. We follow,"Vital security updates for Oracle. Safeguard your Oracle Linux distribution with essential patches, ensuring robust protection against vulnerabilities.",151,Website Page,,,,,,,,,,,33,"['SP Page Builder Module', 'xu5gc_sppagebuilder - `text`', 'xu5gc_menu - `params`']",False,False,Advisory: Oracle Essential and Critical Security Patch Updates,oracle,,index.php?option=com_sppagebuilder&view=page&id=805,,,SP Page Builder Module,805,xu5gc_sppagebuilder,,,,,,,False,False,False,False
34,,openSUSE Linux Distribution,,,,Combine Pages,https://linuxsecurity.com/advisories/opensuse,,,openSUSE Linux Distribution,,,,openSUSE Linux Distribution,Advisory: openSUSE Essential and Critical Security Patch Updates,openSUSE Linux Distribution - Security Advisories - Page 1 | LinuxS...,openSUSE Essential and Critical Security Patch Updates,54,https://linuxsecurity.com/advisories/opensuse,openSUSE Linux Distribution - Security Advisories - Page 1 LinuxSecurity.com is the community's central source for information on Linux and open source security,"Critical security updates for openSUSE. Strengthen your openSUSE Linux distribution with essential patches, ensuring fortified protection.",138,Website Page,,,,,,,,,,,34,"['SP Page Builder Module', 'xu5gc_sppagebuilder - `text`', 'xu5gc_menu - `params`']",False,False,Advisory: openSUSE Essential and Critical Security Patch Updates,opensuse,,index.php?option=com_sppagebuilder&view=page&id=61,,,SP Page Builder Module,61,xu5gc_sppagebuilder,,,,,,,False,False,False,False
35,,openSUSE Linux Distribution,,,,Combine Pages,https://linuxsecurity.com/advisories/opensuse/,,"duplicate, consider redirect to https://linuxsecurity.com/advisories/opensuse",openSUSE Linux Distribution,,,,openSUSE Linux Distribution,,openSUSE Linux Distribution - Security Advisories - Page 1 | LinuxS...,,0,https://linuxsecurity.com/advisories/opensuse/,openSUSE Linux Distribution - Security Advisories - Page 1 LinuxSecurity.com is the community's central source for information on Linux and open source security,,,Website Page,,,,,,,,,,,35,"['SP Page Builder Module', 'xu5gc_sppagebuilder - `text`', 'xu5gc_menu - `params`']",False,False,,,,index.php?option=com_sppagebuilder&view=page&id=61,,,SP Page Builder Module,61,xu5gc_sppagebuilder,,,,,,,False,False,False,False
36,,Red Hat Linux Distribution,,,,Existing Page,https://linuxsecurity.com/advisories/red-hat,,,Red Hat Linux Distribution,,,,Red Hat Linux Distribution,Advisory: Red Hat Essential and Critical Security Patch Updates,Red Hat Linux Distribution - Security Advisories | LinuxSecurity.com,Red Hat Essential and Critical Security Patch Updates,53,https://linuxsecurity.com/advisories/red-hat,Red Hat Linux Distribution - Security Advisories LinuxSecurity.com is the community's central source for information on Linux and open source security. We follo,"Essential security updates for Red Hat. Safeguard your Red Hat Linux distribution with critical patches, ensuring robust protection.",132,Website Page,,,,,,,,,,,36,"['SP Page Builder Module', 'xu5gc_sppagebuilder - `text`', 'xu5gc_menu - `params`']",False,False,Advisory: Red Hat Essential and Critical Security Patch Updates,red-hat,,index.php?option=com_sppagebuilder&view=page&id=56,,,SP Page Builder Module,56,xu5gc_sppagebuilder,,,,,,,False,False,False,False
37,,RockyLinux Distribution,,,,Combine Pages,https://linuxsecurity.com/advisories/rockylinux,,,RockyLinux Distribution,,,,RockyLinux Distribution,Advisory: RockyEssential and Critical Security Patch Updates,RockyLinux Distribution - Security Advisories - Page 1 | LinuxSecur...,RockyEssential and Critical Security Patch Updates,50,https://linuxsecurity.com/advisories/rockylinux,RockyLinux Distribution - Security Advisories - Page 1 LinuxSecurity.com is the community's central source for information on Linux and open source security. We,"Critical security updates for Rocky Linux. Strengthen your distribution with essential patches, ensuring a fortified and secure system.",135,Website Page,,,,,,,,,,,37,"['SP Page Builder Module', 'xu5gc_sppagebuilder - `text`', 'xu5gc_menu - `params`']",False,False,Advisory: RockyEssential and Critical Security Patch Updates,rockylinux,,index.php?option=com_sppagebuilder&view=page&id=1198,,,SP Page Builder Module,1198,xu5gc_sppagebuilder,,,,,,,False,False,False,False
38,,RockyLinux Distribution,,,,Combine Pages,https://linuxsecurity.com/advisories/rockylinux/,,"duplicate, consider redirect to https://linuxsecurity.com/advisories/rockylinux",RockyLinux Distribution,,,,RockyLinux Distribution,,RockyLinux Distribution - Security Advisories - Page 1 | LinuxSecur...,,0,https://linuxsecurity.com/advisories/rockylinux/,RockyLinux Distribution - Security Advisories - Page 1 LinuxSecurity.com is the community's central source for information on Linux and open source security. We,,,Website Page,,,,,,,,,,,38,"['SP Page Builder Module', 'xu5gc_sppagebuilder - `text`', 'xu5gc_menu - `params`']",False,False,,,,index.php?option=com_sppagebuilder&view=page&id=1198,,,SP Page Builder Module,1198,xu5gc_sppagebuilder,,,,,,,False,False,False,False
39,,Scientific Linux Distribution,,,,Existing Page,https://linuxsecurity.com/advisories/scilinux,,,Scientific Linux Distribution,,,,Scientific Linux Distribution,Advisory: Scientific Essential and Critical Security Patch Updates,Scientific Linux Linux Distribution - Security Advisories | LinuxSe...,Scientific Essential and Critical Security Patch Updates,56,https://linuxsecurity.com/advisories/scilinux,Scientific Linux Linux Distribution - Security Advisories LinuxSecurity.com is the community's central source for information on Linux and open source security.,"Essential security updates for Scientific Linux. Fortify your distribution with critical patches, ensuring a robust and secure environment.",139,Website Page,,,,,,,,,,,39,"['SP Page Builder Module', 'xu5gc_sppagebuilder - `text`', 'xu5gc_menu - `params`']",False,False,Advisory: Scientific Essential and Critical Security Patch Updates,scilinux,,index.php?option=com_sppagebuilder&view=page&id=57,,,SP Page Builder Module,57,xu5gc_sppagebuilder,,,,,,,False,False,False,False
40,,Slackware Linux Distribution,,,,Existing Page,https://linuxsecurity.com/advisories/slackware,,,Slackware Linux Distribution,,,,Slackware Linux Distribution,Advisory: Slackware Essential and Critical Security Patch Updates,Slackware Linux Distribution - Security Advisories | LinuxSecurity.com,Slackware Essential and Critical Security Patch Updates,55,https://linuxsecurity.com/advisories/slackware,Slackware Linux Distribution - Security Advisories LinuxSecurity.com is the community's central source for information on Linux and open source security. We fol,"Critical security updates for Slackware. Strengthen your distribution with essential patches, fortifying your system against vulnerabilities.",141,Website Page,,,,,,,,,,,40,"['SP Page Builder Module', 'xu5gc_sppagebuilder - `text`', 'xu5gc_menu - `params`']",False,False,Advisory: Slackware Essential and Critical Security Patch Updates,slackware,,index.php?option=com_sppagebuilder&view=page&id=58,,,SP Page Builder Module,58,xu5gc_sppagebuilder,,,,,,,False,False,False,False
41,,SuSE Linux Distribution,,,,Existing Page,https://linuxsecurity.com/advisories/suse,,,SuSE Linux Distribution,,,,SuSE Linux Distribution,Advisory: SuSE Essential and Critical Security Patch Updates,SuSE Linux Distribution - Security Advisories | LinuxSecurity.com,SuSE Essential and Critical Security Patch Updates,50,https://linuxsecurity.com/advisories/suse,SuSE Linux Distribution - Security Advisories LinuxSecurity.com is the community's central source for information on Linux and open source security. We follow t,"Critical security updates for SuSE. Bolster your SuSE Linux distribution with essential patches, ensuring a robust and secure system.",133,Website Page,,,,,,,,,,,41,"['SP Page Builder Module', 'xu5gc_sppagebuilder - `text`', 'xu5gc_menu - `params`']",False,False,Advisory: SuSE Essential and Critical Security Patch Updates,suse,,index.php?option=com_sppagebuilder&view=page&id=59,,,SP Page Builder Module,59,xu5gc_sppagebuilder,,,,,,,False,False,False,False
42,,Ubuntu Linux Distribution,,,,Existing Page,https://linuxsecurity.com/advisories/ubuntu,,,Ubuntu Linux Distribution,,,,Ubuntu Linux Distribution,Advisory: Ubuntu Essential and Critical Security Patch Updates,Ubuntu Linux Distribution - Security Advisories - Page 1 | LinuxSec...,Ubuntu Essential and Critical Security Patch Updates,52,https://linuxsecurity.com/advisories/ubuntu,Ubuntu Linux Distribution - Security Advisories - Page 1 LinuxSecurity.com is the community's central source for information on Linux and open source security.,"Critical security updates for Ubuntu. Strengthen your Ubuntu Linux distribution with essential patches, ensuring resilient protection.",134,Website Page,,,,,,,,,,,42,"['SP Page Builder Module', 'xu5gc_sppagebuilder - `text`', 'xu5gc_menu - `params`']",False,False,Advisory: Ubuntu Essential and Critical Security Patch Updates,ubuntu,,index.php?option=com_sppagebuilder&view=page&id=60,,,SP Page Builder Module,60,xu5gc_sppagebuilder,,,,,,,False,False,False,False
43,HOWTOs,,,,,Existing Page,https://linuxsecurity.com/howtos,,,Linux HOW TO Articles,,,,LinuxSecurity HOWTOs,In-Depth HOW TO Articles From The Expert,Learn from the Experts in LinuxSecurity HOWTO Articles,Read HOW TO Articles From The Expert in Linux Security,54,https://linuxsecurity.com/howtos,Learn from the Experts in LinuxSecurity HOWTO Articles LinuxSecurity.com is the community's central source for information on Linux and open source security. We,"Expert-level Linux how-to articles for comprehensive understanding. Master your Linux security with in-depth, insightful guides. Check us out now!",146,Website Page,,,,,,,,,,,43,"['SP Page Builder Module', 'xu5gc_sppagebuilder - `text`', 'xu5gc_menu - `params`']",True,False,In-Depth HOW TO Articles From The Expert,howtos,index.php?option=com_menu&view=metadescription&id=109,index.php?option=com_sppagebuilder&view=page&id=157,,index.php?option=com_menu&view=item&client_id=0&layout=edit&id=109,SP Page Builder Module,157,xu5gc_sppagebuilder,109,xu5gc_menu,,,109,xu5gc_menu,False,True,True,False
44,,Harden My Filesystem,,,,Existing Page,https://linuxsecurity.com/howtos/harden-my-filesystem,,,How To Harden My Filesystem,,,,How To Harden My Filesystem,How to: Harden My Filesystem in Linux,Harden My Filesystem | LinuxSecurity.com,How to Harden My Filesystem in Linux - Linux Security,53,https://linuxsecurity.com/howtos/harden-my-filesystem,Harden My Filesystem LinuxSecurity.com is the community's central source for information on Linux and open source security. We follow the open source trends as,Secure your Linux filesystem with expert guidance. Step-by-step strategies to harden your system's defenses against vulnerabilities.,132,Website Page,,,,,,,,,,,44,"['SP Page Builder Module', 'xu5gc_sppagebuilder - `text`', 'xu5gc_menu - `params`']",True,False,How to: Harden My Filesystem in Linux,harden-my-filesystem,index.php?option=com_menu&view=metadescription&id=597,index.php?option=com_sppagebuilder&view=page&id=31,,index.php?option=com_menu&view=item&client_id=0&layout=edit&id=597,SP Page Builder Module,31,xu5gc_sppagebuilder,597,xu5gc_menu,,,597,xu5gc_menu,False,True,True,False
45,,Learn Tips and Tricks,,,,Existing Page,https://linuxsecurity.com/howtos/learn-tips-and-tricks,,,Linux Learn Tips and Tricks,,,,How to learn tips and tricks,Linux Learn Tips and Tricks,Learn Tips and Tricks | LinuxSecurity.com,Tips & Tricks to Take Your Linux Security to the Next Level,59,https://linuxsecurity.com/howtos/learn-tips-and-tricks,Learn Tips and Tricks Learn tips and tricks Find the HOWTO or step-by-step guide that you need right here.,Unlock the secrets of Linux with expert tips and tricks. Elevate your skills and fortify your security prowess with insider knowledge.,134,Website Page,,,,,,,,,,,45,"['SP Page Builder Module', 'xu5gc_sppagebuilder - `text`', 'xu5gc_menu - `params`']",True,False,Linux Learn Tips and Tricks,learn-tips-and-tricks,index.php?option=com_menu&view=metadescription&id=598,index.php?option=com_sppagebuilder&view=page&id=32,,index.php?option=com_menu&view=item&client_id=0&layout=edit&id=598,SP Page Builder Module,32,xu5gc_sppagebuilder,598,xu5gc_menu,,,598,xu5gc_menu,False,True,True,False
46,,Secure My E-mail,,,,Existing Page,https://linuxsecurity.com/howtos/secure-my-e-mail,,,How to secure my e-mail,,,,How to secure my e-mail,How to: Secure My E-mail in Linux,Secure My E-mail | LinuxSecurity.com,Learn the Steps to Expertly Secure Your E-mail in Linux,55,https://linuxsecurity.com/howtos/secure-my-e-mail,Secure My E-mail LinuxSecurity.com is the community's central source for information on Linux and open source security. We follow the open source trends as they,Fortify your email security in Linux with expert guidance. Learn step-by-step strategies to safeguard your communications effectively.,134,Website Page,,,,,,,,,,,46,"['SP Page Builder Module', 'xu5gc_sppagebuilder - `text`', 'xu5gc_menu - `params`']",True,False,How to: Secure My E-mail in Linux,secure-my-e-mail,index.php?option=com_menu&view=metadescription&id=599,index.php?option=com_sppagebuilder&view=page&id=33,,index.php?option=com_menu&view=item&client_id=0&layout=edit&id=599,SP Page Builder Module,33,xu5gc_sppagebuilder,599,xu5gc_menu,,,599,xu5gc_menu,False,True,True,False
47,,Secure My Firewall,,,,Existing Page,https://linuxsecurity.com/howtos/secure-my-firewall,,,How to secure my firewall,,,,How to secure my firewall,How to: Secure My Firewall in Linux,Secure My Firewall | LinuxSecurity.com,Expert Guides to Master Securing Your Firewall in Linux,55,https://linuxsecurity.com/howtos/secure-my-firewall,Secure My Firewall LinuxSecurity.com is the community's central source for information on Linux and open source security. We follow the open source trends as th,"Master the art of securing your Linux firewall. Step-by-step guidance to fortify your firewall, ensuring robust protection for your system.",139,Website Page,,,,,,,,,,,47,"['SP Page Builder Module', 'xu5gc_sppagebuilder - `text`', 'xu5gc_menu - `params`']",True,False,How to: Secure My Firewall in Linux,secure-my-firewall,index.php?option=com_menu&view=metadescription&id=600,index.php?option=com_sppagebuilder&view=page&id=34,,index.php?option=com_menu&view=item&client_id=0&layout=edit&id=600,SP Page Builder Module,34,xu5gc_sppagebuilder,600,xu5gc_menu,,,600,xu5gc_menu,False,True,True,False
48,,Secure My Network,,,,Existing Page,https://linuxsecurity.com/howtos/secure-my-network,,,How to secure my network,,,,How to secure my network,How to: Secure My Network in Linux,Secure My Network | LinuxSecurity.com,Master the Steps to Boost Your Network Security in Linux,56,https://linuxsecurity.com/howtos/secure-my-network,Secure My Network LinuxSecurity.com is the community's central source for information on Linux and open source security. We follow the open source trends as the,"Empower your network security in Linux. Step-by-step guidance to fortify your network defenses, ensuring a robust and protected environment.",140,Website Page,,,,,,,,,,,48,"['SP Page Builder Module', 'xu5gc_sppagebuilder - `text`', 'xu5gc_menu - `params`']",True,False,How to: Secure My Network in Linux,secure-my-network,index.php?option=com_menu&view=metadescription&id=601,index.php?option=com_sppagebuilder&view=page&id=35,,index.php?option=com_menu&view=item&client_id=0&layout=edit&id=601,SP Page Builder Module,35,xu5gc_sppagebuilder,601,xu5gc_menu,,,601,xu5gc_menu,False,True,True,False
49,,Secure My Webserver,,,,Existing Page,https://linuxsecurity.com/howtos/secure-my-webserver,,,How to secure my webserver,,,,How to secure my webserver,How to: Secure My Webserver in Linux:,Secure My Webserver | LinuxSecurity.com, Secure Your Webserver Like a True Linux Security Master,56,https://linuxsecurity.com/howtos/secure-my-webserver,Secure My Webserver Find the HOWTO Secure my webserver or step-by-step guide that you need right here.,"Master the art of securing your Linux web server. Expert guidance to fortify your server, ensuring robust protection against threats.",133,Website Page,,,,,,,,,,,49,"['SP Page Builder Module', 'xu5gc_sppagebuilder - `text`', 'xu5gc_menu - `params`']",True,False,How to: Secure My Webserver in Linux:,secure-my-webserver,index.php?option=com_menu&view=metadescription&id=602,index.php?option=com_sppagebuilder&view=page&id=36,,index.php?option=com_menu&view=item&client_id=0&layout=edit&id=602,SP Page Builder Module,36,xu5gc_sppagebuilder,602,xu5gc_menu,,,602,xu5gc_menu,False,True,True,False
50,,Strengthen My Privacy,,,,Combine Pages,https://linuxsecurity.com/howtos/strengthen-my-privacy,,,How to strengthen my privacy,,,,How to strengthen my privacy,How to: Strengthen My Privacy in Linux,Strengthen My Privacy | LinuxSecurity.com,Expert Tips to Take Charge & Strengthen My Privacy in Linux,59,https://linuxsecurity.com/howtos/strengthen-my-privacy,Strengthen My Privacy LinuxSecurity.com is the community's central source for information on Linux and open source security. We follow the open source trends as,Take charge of your privacy in Linux. Expert tips and strategies to fortify your privacy and keep your digital footprint secure. Check us out now!,146,Website Page,,,,,,,,,,,50,"['SP Page Builder Module', 'xu5gc_sppagebuilder - `text`', 'xu5gc_menu - `params`']",True,False,How to: Strengthen My Privacy in Linux,strengthen-my-privacy,index.php?option=com_menu&view=metadescription&id=603,index.php?option=com_sppagebuilder&view=page&id=37,,index.php?option=com_menu&view=item&client_id=0&layout=edit&id=603,SP Page Builder Module,37,xu5gc_sppagebuilder,603,xu5gc_menu,,,603,xu5gc_menu,False,True,True,False
51,,Strengthen My Privacy,,,,Combine Pages,https://linuxsecurity.com/howtos/strengthen-my-privacy/,,"duplicate, consider redirect to https://linuxsecurity.com/howtos/strengthen-my-privacy",How to strengthen my privacy,,,,How to strengthen my privacy,,Strengthen My Privacy - Page 1 | LinuxSecurity.com,,0,https://linuxsecurity.com/howtos/strengthen-my-privacy/,Strengthen My Privacy - Page 1 LinuxSecurity.com is the community's central source for information on Linux and open source security. We follow the open source,,,Website Page,,,,,,,,,,,51,"['SP Page Builder Module', 'xu5gc_sppagebuilder - `text`', 'xu5gc_menu - `params`']",False,False,,,,index.php?option=com_sppagebuilder&view=page&id=37,,,SP Page Builder Module,37,xu5gc_sppagebuilder,,,,,,,False,False,False,False
52,Featured Articles,,,,,Existing Page,https://linuxsecurity.com/features,,,Featured Linux Articles,,,,Feature Articles,Featured Linux Articles,Our Feature Articles Provide Information & Insights - Page 1,Featured Linux Articles that are Packed with Expert Advice,58,https://linuxsecurity.com/features,Our Feature Articles Provide Information & Insights - Page 1 Need in depth introduction to new security topic? Our features articles will bring up up-to-date on,"Uncover the best in Linux insights. Dive into our featured articles, packed with expert advice and cutting-edge Linux security strategies",137,Website Page,,,,,,,,,,,52,"['SP Page Builder Module', 'xu5gc_sppagebuilder - `text`', 'xu5gc_menu - `params`']",True,False,Featured Linux Articles,features,index.php?option=com_menu&view=metadescription&id=110,index.php?option=com_sppagebuilder&view=page&id=40,,index.php?option=com_menu&view=item&client_id=0&layout=edit&id=110,SP Page Builder Module,40,xu5gc_sppagebuilder,110,xu5gc_menu,,,110,xu5gc_menu,False,True,True,False
53,,Must Read Articles,,,,Existing Page,https://linuxsecurity.com/features/must-read-articles,,,Must Read Linux Articles,,,,Must Read Articles,Must Read Linux Articles,Our Must Read Articles Provide Information & Insights from LinuxSec...,Must Read Linux Articles for Becoming a Linux Expert,52,https://linuxsecurity.com/features/must-read-articles,Our Must Read Articles Provide Information & Insights from LinuxSecurity Experts Need in depth introduction to new security topic? Our features articles will br,Essential reads for mastering Linux security. Dive into must-read articles packed with insights and strategies for fortified protection.,136,Website Page,,,,,,,,,,,53,"['SP Page Builder Module', 'xu5gc_sppagebuilder - `text`', 'xu5gc_menu - `params`']",True,False,Must Read Linux Articles,must-read-articles,index.php?option=com_menu&view=metadescription&id=879,index.php?option=com_sppagebuilder&view=page&id=582,,index.php?option=com_menu&view=item&client_id=0&layout=edit&id=879,SP Page Builder Module,582,xu5gc_sppagebuilder,879,xu5gc_menu,,,879,xu5gc_menu,False,True,True,False
54,,Popular Linux Articles,,,,Rejected Suggestion ,inspiration from https://www.linuxinsider.com/most-popular,,,Popular Linux Articles,,,,,Popular Linux Articles,,Popular Linux Articles - Linux Security,39,,,"Discover the hottest Linux articles. Dive into trending insights, strategies, and expertise for fortified security at Linux Security.",133,,,,,,,,,,,,54,"['SP Page Builder Module', 'xu5gc_sppagebuilder - `text`', 'xu5gc_menu - `params`']",False,False,Popular Linux Articles,most-popular,,,,,,,,,,,,,,False,False,False,False
55,,Linux Distro Review,,,,Rejected Suggestion ,"if applicable, inspiration from https://www.debugpoint.com/tag/linux-distro-review/",,,Linux Distro Review,,,,,Linux Distro Review,,Linux Distro Review - Linux Security,36,,,"Explore comprehensive Linux distro reviews. In-depth analysis and insights on security features, ensuring informed choices at Linux Security.",141,,,,,,,,,,,,55,"['SP Page Builder Module', 'xu5gc_sppagebuilder - `text`', 'xu5gc_menu - `params`']",False,False,Linux Distro Review,,,,,,,,,,,,,,,False,False,False,False
56,Weekly Newsletters,,,,,Existing Page,https://linuxsecurity.com/newsletters,,,,,,,Subscribe to LinuxSecurity Weekly Newsletters,Subscribe to LinuxSecurity Weekly Newsletters,Subscribe to LinuxSecurity Newsletters to Stay Up-to-Date on the La...,Subscribe and Stay on top of the Latest LinuxSecurity News,58,https://linuxsecurity.com/newsletters,Subscribe to LinuxSecurity Newsletters to Stay Up-to-Date on the Latest News and Security Advisories Stay tuned with latest newsletters about whats happening in,"Stay ahead with exclusive LinuxSecurity updates. Subscribe to our weekly newsletters for the latest insights, news, and strategies.",131,Website Page,,,,,,,,,,,56,"['SP Page Builder Module', 'xu5gc_sppagebuilder - `text`', 'xu5gc_menu - `params`']",True,False,Subscribe to LinuxSecurity Weekly Newsletters,newsletters,index.php?option=com_menu&view=metadescription&id=112,index.php?option=com_sppagebuilder&view=page&id=1898,,index.php?option=com_menu&view=item&client_id=0&layout=edit&id=112,SP Page Builder Module,1898,xu5gc_sppagebuilder,112,xu5gc_menu,,,112,xu5gc_menu,False,True,True,False
57,,Linux Advisory Watch,,,,Existing Page,https://linuxsecurity.com/newsletters/linux-advisory-watch,,,Linux Advisory Watch,,,,Subscribe to LinuxSecurity Weekly Newsletters,Linux Advisory Watch,Linux Advisory Watch - Page 1 | LinuxSecurity.com,Subscribe to Stay Ahead of Critical Linux Advisories,52,https://linuxsecurity.com/newsletters/linux-advisory-watch,Linux Advisory Watch - Page 1 The editorial staff at Guardian Digital will bring you complete coverage and in-depth descriptions of all security bulletins,Stay informed with the Linux Advisory Watch. Your comprehensive update on critical advisories and security insights for a fortified system.,139,Website Page,,,,,,,,,,,57,"['SP Page Builder Module', 'xu5gc_sppagebuilder - `text`', 'xu5gc_menu - `params`']",False,False,Linux Advisory Watch,linux-advisory-watch,,index.php?option=com_sppagebuilder&view=page&id=1898,,,SP Page Builder Module,1898,xu5gc_sppagebuilder,,,,,,,False,False,False,False
58,,Weekly Newsletters,,,,Existing Page,https://linuxsecurity.com/newsletter-subscribe,,,Weekly Newsletters,,,,Subscribe to LinuxSecurity Weekly Newsletters,Weekly Newsletters,Subscribe To LinuxSecurity Weekly Newsletters,Stay Informed with Our Weekly Linux Security Newsletters,56,https://linuxsecurity.com/newsletter-subscribe,"For nearly three decades, our weekly Linux Security Week and Linux Advisory Watch newsletters have been the leading source of security news, information and updates impacting the Linux community. Sign up now and see what youre missing!","Stay updated weekly with Linux Security newsletters. Your go-to source for the latest insights, news, and strategies in cybersecurity",133,Website Page,,,,,,,,,,,58,"['SP Page Builder Module', 'xu5gc_sppagebuilder - `text`', 'xu5gc_menu - `params`']",True,True,Weekly Newsletters,newsletter-subscribe,index.php?option=com_menu&view=metadescription&id=1424,index.php?option=com_sppagebuilder&view=page&id=1898,,index.php?option=com_menu&view=item&client_id=0&layout=edit&id=1424,SP Page Builder Module,1898,xu5gc_sppagebuilder,1424,xu5gc_menu,,,1424,xu5gc_menu,False,True,True,False
59,,Linux Advisory Watch Archive,,,,Existing Page,https://linuxsecurity.com/newsletters/linux-advisory-watch-archives,,,Linux Advisory Watch Archive,,,,Subscribe to LinuxSecurity Weekly Newsletters,Linux Advisory Watch Archive,Linux Advisory Watch Archive | LinuxSecurity.com,Learn from the Past with our Linux Advisory Watch Archive,57,https://linuxsecurity.com/newsletters/linux-advisory-watch-archives,Linux Advisory Watch Archive The editorial staff at Guardian Digital will bring you complete coverage and in-depth descriptions of all security bulletins,Delve into the past of Linux Advisory Watch. Explore the archive for historical insights and valuable security updates at Linux Security.,137,Website Page,,,,,,,,,,,59,"['SP Page Builder Module', 'xu5gc_sppagebuilder - `text`', 'xu5gc_menu - `params`']",True,False,Linux Advisory Watch Archive,linux-advisory-watch-archives,index.php?option=com_menu&view=metadescription&id=678,index.php?option=com_sppagebuilder&view=page&id=2371,,index.php?option=com_menu&view=item&client_id=0&layout=edit&id=678,SP Page Builder Module,2371,xu5gc_sppagebuilder,678,xu5gc_menu,,,678,xu5gc_menu,False,True,True,False
60,LinuxSecurity Community Polls,,,,,Existing Page,https://linuxsecurity.com/polls,,,LinuxSecurity Community Polls,,,,LinuxSecurity Community Polls,LinuxSecurity Polls,Share Your Thoughts & See How You Compare by Participating in Our C...,Share Your Perspective with Our Community Using Our Polls,57,https://linuxsecurity.com/polls,Share Your Thoughts & See How You Compare by Participating in Our Community Polls LinuxSecurity.com is the community's central source for information on Linux a,"Join the conversation in the LinuxSecurity community polls. Share insights, compare thoughts, and engage with our community perspectives.",137,Website Page,,,,,,,,,,,60,"['SP Page Builder Module', 'xu5gc_sppagebuilder - `text`', 'xu5gc_menu - `params`']",True,True,LinuxSecurity Polls,polls,index.php?option=com_menu&view=metadescription&id=113,index.php?option=com_sppagebuilder&view=page&id=205,,index.php?option=com_menu&view=item&client_id=0&layout=edit&id=113,SP Page Builder Module,205,xu5gc_sppagebuilder,113,xu5gc_menu,,,113,xu5gc_menu,False,True,True,False
61,Security Dictionary,,,,,Existing Page,https://linuxsecurity.com/security-dictionary,,,Security Dictionary,,,,Security Dictionary,Security Dictionary,LinuxSecurity Security Dictionary,Use the Linux Security Language like an Absolute Expert,55,https://linuxsecurity.com/security-dictionary,LinuxSecurity Security Dictionary LinuxSecurity.com is the community's central source for information on Linux and open source security. We follow the open sour,"Unlock the language of security. Navigate our comprehensive Security Dictionary for insights, definitions, and clarity in the world of cybersecurity.",149,Website Page,,,,,,,,,,,61,"['SP Page Builder Module', 'xu5gc_sppagebuilder - `text`', 'xu5gc_menu - `params`']",True,False,Security Dictionary,security-dictionary,index.php?option=com_menu&view=metadescription&id=255,index.php?option=com_sppagebuilder&view=page&id=141,,index.php?option=com_menu&view=item&client_id=0&layout=edit&id=255,SP Page Builder Module,141,xu5gc_sppagebuilder,255,xu5gc_menu,,,255,xu5gc_menu,False,True,True,False
62,Who We Are,,,,,Existing Page,https://linuxsecurity.com/about,,,Who We Are,,,,Who We Are,Who We Are,About LinuxSecurity.com - Who We Are,Explore Who the Linux Security Experts Are & More!,50,https://linuxsecurity.com/about,About LinuxSecurity.com - Who We Are LinuxSecurity.com is the community's central source for information on Linux and open source security. We follow the open s,"Champions of Linux security. Explore our ethos, expertise, and dedication shaping a safer digital world at LinuxSecurity.com. Check us mow!",139,Website Page,,,,,,,,,,,62,"['SP Page Builder', 'xu5gc_sppagebuilder - `text` ', 'xu5gc_menu - `params`']",True,True,Who We Are,about,index.php?option=com_menu&view=metadescription&id=114,index.php?option=com_sppagebuilder&view=page&id=387,,index.php?option=com_menu&view=metadescription&id=114,SP Page Builder,387,xu5gc_sppagebuilder,114,xu5gc_menu,,,114,xu5gc_menu,False,True,True,False
63,,Advertising Opportunities,,,,Combine Pages,https://linuxsecurity.com/about/advertise,,,Advertising Opportunities,,,,LinuxSecurity: Advertising Opportunities,LinuxSecurity: Advertising Opportunities,Advertise with LinuxSecurity.com,Learn What it Takes to Advertise with LinuxSecurity.com,55,https://linuxsecurity.com/about/advertise,Advertise with LinuxSecurity.com LinuxSecurity.com is the community's central source for information on Linux and open source security. We follow the open sourc,Reach the Linux security community. Explore our advertising opportunities to connect with a dedicated audience seeking innovative solutions.,140,Website Page,,,,,,,,,,,63,"['SP Page Builder', 'xu5gc_sppagebuilder - `text` ', 'xu5gc_menu - `params`']",True,True,LinuxSecurity: Advertising Opportunities,advertise,index.php?option=com_menu&view=metadescription&id=234,index.php?option=com_sppagebuilder&view=page&id=1337,,index.php?option=com_menu&view=metadescription&id=234,SP Page Builder,1337,xu5gc_sppagebuilder,234,xu5gc_menu,,,234,xu5gc_menu,False,True,True,False
64,,Legal Notice,,,,Existing Page,https://linuxsecurity.com/about/legal-notice,,,Legal Notice,,,,Legal Notice,Legal Notice,LinuxSecurity.com Legal Notice,Take a Deep Dive into LinuxSecurity's Legal Notice,50,https://linuxsecurity.com/about/legal-notice,LinuxSecurity.com Legal Notice LinuxSecurity.com is the community's central source for information on Linux and open source security. We follow the open source,"Understand our legal standing. Dive into our clear and concise legal notice, ensuring transparency and reliability with LinuxSecurity.com.",138,Website Page,,,,,,,,,,,64,"['SP Page Builder', 'xu5gc_sppagebuilder - `text` ', 'xu5gc_menu - `params`']",True,True,Legal Notice,legal-notice,index.php?option=com_menu&view=metadescription&id=235,index.php?option=com_sppagebuilder&view=page&id=505,,index.php?option=com_menu&view=metadescription&id=235,SP Page Builder,505,xu5gc_sppagebuilder,235,xu5gc_menu,,,235,xu5gc_menu,False,True,True,False
65,,RSS Feeds,,,,Existing Page,https://linuxsecurity.com/about/linuxsecurity-rss-feeds,,,RSS Feeds,,,,LinuxSecurity.com's RSS Feeds,RSS Feeds,LinuxSecurity.com's RSS Feeds & Distribution RSS Advisories,Use Our RSS Feeds for Effortless LinuxSecurity Updates,54,https://linuxsecurity.com/about/linuxsecurity-rss-feeds,LinuxSecurity.com's RSS Feeds & Distribution RSS Advisories LinuxSecurity.com is the community's central source for information on Linux and open source securit,"Stay updated effortlessly. Access our RSS feeds for the latest in Linux Security, ensuring you're always in the know. Stay up tio date now!",139,Website Page,,,,,,,,,,,65,"['SP Page Builder', 'xu5gc_sppagebuilder - `text` ', 'xu5gc_menu - `params`']",True,True,RSS Feeds,linuxsecurity-rss-feeds,index.php?option=com_menu&view=metadescription&id=240,index.php?option=com_sppagebuilder&view=page&id=506,,index.php?option=com_menu&view=metadescription&id=240,SP Page Builder,506,xu5gc_sppagebuilder,240,xu5gc_menu,,,240,xu5gc_menu,False,True,True,False
66,,Privacy Statement,,,,Existing Page,https://linuxsecurity.com/about/privacy-policy,,,Privacy Statement,,,,LinuxSecurity Privacy Statement,Privacy Statement,Privacy Policy,We Care About Your Privacy! Read Our Privacy Policy. ,53,https://linuxsecurity.com/about/privacy-policy,Privacy Policy LinuxSecurity.com is the community's central source for information on Linux and open source security. We follow the open source trends as they a,"Your privacy matters to us. Explore our transparent privacy policy, ensuring your trust and security with Linux Security protocols.",131,Website Page,,,,,,,,,,,66,"['SP Page Builder', 'xu5gc_sppagebuilder - `text` ', 'xu5gc_menu - `params`']",True,True,Privacy Statement,privacy-policy,index.php?option=com_menu&view=metadescription&id=1493,index.php?option=com_sppagebuilder&view=page&id=2000,,index.php?option=com_menu&view=metadescription&id=1493,SP Page Builder,2000,xu5gc_sppagebuilder,1493,xu5gc_menu,,,1493,xu5gc_menu,False,True,True,False
67,,Terms of Service,,,,Combine Pages,https://linuxsecurity.com/about/terms-of-service,,,Terms of Service,,,,LinuxSecurity Terms of Service,Terms of Service,Terms of Service,We're Committed to Security! Read Our Terms of Service.,55,https://linuxsecurity.com/about/terms-of-service,Terms of Service LinuxSecurity.com is the community's central source for information on Linux and open source security. We follow the open source trends as they,"Discover our commitment to security. Navigate our transparent terms of service, ensuring trust and reliability with Linux Security.",131,Website Page,,,,,,,,,,,67,"['SP Page Builder', 'xu5gc_sppagebuilder - `text` ', 'xu5gc_menu - `params`']",True,True,Terms of Service,terms-of-service,index.php?option=com_menu&view=metadescription&id=1492,index.php?option=com_sppagebuilder&view=page&id=2001,,index.php?option=com_menu&view=metadescription&id=1492,SP Page Builder,2001,xu5gc_sppagebuilder,1492,xu5gc_menu,,,1492,xu5gc_menu,False,True,True,False
68,,Advertising Opportunities,,,,Combine Pages,https://linuxsecurity.com/advertising-opportunities,,"duplicate, consider redirect to https://linuxsecurity.com/about/advertise",Advertising Opportunities,,,,LinuxSecurity: Advertising Opportunities,,Advertising Opportunities,,0,https://linuxsecurity.com/advertising-opportunities,Advertising Opportunities LinuxSecurity.com is the community's central source for information on Linux and open source security. We follow the open source trend,,,Website Page,,,,,,,,,,,68,"['SP Page Builder', 'xu5gc_sppagebuilder - `text` ', 'xu5gc_menu - `params`']",True,True,,advertising-opportunities,index.php?option=com_menu&view=metadescription&id=1320,index.php?option=com_sppagebuilder&view=page&id=1337,,index.php?option=com_menu&view=metadescription&id=1320,SP Page Builder,1337,xu5gc_sppagebuilder,1320,xu5gc_menu,,,1320,xu5gc_menu,False,True,True,False
69,Register,,,,,Existing Page,https://linuxsecurity.com/register,,,,,,,Register to View Your Favorite LinuxSecurity Content At-a-Glance,Register to View Your Favorite LinuxSecurity Content At-a-Glance,Join LinuxSecurity.com Now,View Your Favorite LinuxSecurity Content At-a-Glance!,53,https://linuxsecurity.com/register,Join LinuxSecurity.com Now LinuxSecurity.com is the community's central source for information on Linux and open source security. We follow the open source tren,Unlock exclusive LinuxSecurity content effortlessly. Register for a comprehensive view of your favorite LinuxSecurity updates and insights,138,Website Page,,,,,,,,,,,69,"['SP Page Builder Module', 'xu5gc_sppagebuilder - `text`', 'xu5gc_menu - `params`']",True,False,Register to View Your Favorite LinuxSecurity Content At-a-Glance,register,index.php?option=com_menu&view=metadescription&id=232,index.php?option=com_sppagebuilder&view=page&id=1791,,index.php?option=com_menu&view=item&client_id=0&layout=edit&id=232,SP Page Builder Module,1791,xu5gc_sppagebuilder,232,xu5gc_menu,,,232,xu5gc_menu,False,True,True,False
70,Search results,,,,,Existing Page,https://linuxsecurity.com/search?searchword=CVE-2021-4034&searchphrase=all,,consider noindex,,,,,Search results,,Search,,0,https://linuxsecurity.com/search?searchword=CVE-2021-4034&searchphrase=all,Search LinuxSecurity.com is the community's central source for information on Linux and open source security. We follow the open source trends as they affect th,,,Website Page,,,,,,,,,,,70,"['SP Page Builder Module', 'xu5gc_sppagebuilder - `text`', 'xu5gc_menu - `params`']",True,False,,search,,index.php?option=com_sppagebuilder&view=page&id=453,,,SP Page Builder Module,453,xu5gc_sppagebuilder,,,,,,,False,False,False,False
71,General Inquiries,,,,,Existing Page,https://linuxsecurity.com/general-inquiries,,,,,,,LinuxSecurity - General Inquiries,General Inquiries,General Inquiries,Answers to Our General Inquiries Provided by Experts,52,https://linuxsecurity.com/general-inquiries,General Inquiries LinuxSecurity.com is the community's central source for information on Linux and open source security. We follow the open source trends as the,"Connecting you to Linux security expertise. Answers to your inquiries, guidance, and support for a fortified digital environment. Take a look now!",146,Website Page,,,,,,,,,,,71,"['SP Page Builder', 'xu5gc_sppagebuilder - `text` ', 'xu5gc_menu - `params`']",True,True,General Inquiries,general-inquiries,index.php?option=com_menu&view=metadescription&id=1321,index.php?option=com_sppagebuilder&view=page&id=1338,,index.php?option=com_menu&view=metadescription&id=1321,SP Page Builder,1338,xu5gc_sppagebuilder,1321,xu5gc_menu,,,1321,xu5gc_menu,False,True,True,False
72,"Linux Security - Your source for Top Linux News, Advisories, HowTo's and Feature Release.",,,,,Remove Page,https://linuxsecurity.com/?file=/chronicle/archive/2002/06/30/MN152350.DTL,,homepage duplicate,,,,,"Linux Security - Your source for Top Linux News, Advisories, HowTo's and Feature Release.",,Linux Security - Top News | Advisories | HowTo's | Feature Releases,,0,https://linuxsecurity.com/?file=/chronicle/archive/2002/06/30/MN152350.DTL,"Linux Security - Top News | Advisories | HowTo's | Feature Releases Linux Security is dedicated to producing the latest security news, best guides, how-tos, fea",,,Website Page,,,,,,,,,,,72,,False,False,,MN152350.DTL,,,,,,,,,,,,,,False,False,False,False
73,"Linux Security - Your source for Top Linux News, Advisories, HowTo's and Feature Release.",,,,,Remove Page,https://linuxsecurity.com/?sid=03/02/04/2233250&mode=thread&tid=103&tid=123&tid=172,,homepage duplicate,,,,,"Linux Security - Your source for Top Linux News, Advisories, HowTo's and Feature Release.",,Linux Security - Top News | Advisories | HowTo's | Feature Releases,,0,https://linuxsecurity.com/?sid=03/02/04/2233250&mode=thread&tid=103&tid=123&tid=172,"Linux Security - Top News | Advisories | HowTo's | Feature Releases Linux Security is dedicated to producing the latest security news, best guides, how-tos, fea",,,Website Page,,,,,,,,,,,73,,False,False,,2233250&mode=thread&tid=103&tid=123&tid=172,,,,,,,,,,,,,,False,False,False,False
74,ArchLinux: 201409-3: python2: Information leakage through integer overflow,,,,,Existing Page,https://linuxsecurity.com/advisories/archlinux/archlinux-201409-3-python2-information-leakage-through-integer-overflow,,,,,,,ArchLinux: 201409-3: python2: Information leakage through integer overflow,,ArchLinux: 201409-3: python2: Information leakage through integer o...,,0,https://linuxsecurity.com/advisories/archlinux/archlinux-201409-3-python2-information-leakage-through-integer-overflow,ArchLinux: 201409-3: python2: Information leakage through integer overflow - Arch Linux Security Advisory ASA-201409-3 Severity: Low Date: 2014-09-26 CVE-ID: CVE-2014-7185 Packa,,0,Website Page,,,,,,,,,,,74,,False,False,,archlinux-201409-3-python2-information-leakage-through-integer-overflow,,,,,,,,,,,,,,False,False,False,False
